{
    "position": [
        113.543117,
        22.186883
    ],
    "scale": 10
}