{
    "position": [
        116.407417,
        39.904172
    ],
    "scale": 10
}