{
    "position": [
        120.209947,
        30.245853
    ],
    "scale": 11
}