{
    "position": [114.065702, 22.549257],
    "scale": 11
}